Workbook

Sheet Cash flow table
B4: Cash flow | C4: Year | D4: Project A | E4: Project B | F4: Project C
C5: 0 | D5: -100000 | E5: -180000 | F5: -50000 | H5: row 0 : initial investment
C6: 1 | D6: 30000 | E6: 45000 | F6: 15000 | H6: row 1-5: annual cash flow
C7: 2 | D7: 35000 | E7: 55000 | F7: 17000
C8: 3 | D8: 45000 | E8: 65000 | F8: 19000
C9: 4 | D9: 50000 | E9: 75000 | F9: 21000
C10: 5 | D10: 55000 | E10: 85000 | F10: 23000
B13: Cumulative Cash flow | C13: Year | D13: Project A | E13: Project B | F13: Project C
C14: 0 | D14: =SUM(D5) -> -100000 | E14: =SUM(E5) -> -180000 | F14: =SUM(F5) -> -50000
C15: 1 | D15: =SUM(D5:D6) -> -70000 | E15: =SUM(E5:E6) -> -135000 | F15: =SUM(F5:F6) -> -35000
C16: 2 | D16: =SUM(D5:D7) -> -35000 | E16: =SUM(E5:E7) -> -80000 | F16: =SUM(F5:F7) -> -18000
C17: 3 | D17: =SUM(D5:D8) -> 10000 | E17: =SUM(E5:E8) -> -15000 | F17: =SUM(F5:F8) -> 1000
C18: 4 | D18: =SUM(D5:D9) -> 60000 | E18: =SUM(E5:E9) -> 60000 | F18: =SUM(F5:F9) -> 22000
C19: 5 | D19: =SUM(D5:D10) -> 115000 | E19: =SUM(E5:E10) -> 145000 | F19: =SUM(F5:F10) -> 45000

Sheet Calculations
B2: Project | C2: NPV Formula | D2: IRR Formula | E2: Payback Period | F2: Recommendation
B3: A | C3: =NPV(10%,'Cash flow table'!D6:D10)+'Cash flow table'!D5 -> 58308.859 | D3: =IRR('Cash flow table'!D5:D10) -> 0.28402918 | E3: =ROUND('Cash flow table'!C16+(-'Cash flow table'!D16/'Cash flow table'!D8),2) & " years" -> 2.78 years | F3: =IF(C3=MAX($C$3:$C$5), "Accept", "Reject") -> Reject
B4: B | C4: =NPV(10%,'Cash flow table'!E6:E10)+'Cash flow table'!E5 -> 59203.42 | D4: =IRR('Cash flow table'!E5:E10) -> 0.2081802 | E4: =ROUND('Cash flow table'!C17+(-'Cash flow table'!E17/'Cash flow table'!E9),2) & " years" -> 3.2 years | F4: =IF(C4=MAX($C$3:$C$5), "Accept", "Reject") -> Accept
B5: C | C5: =NPV(10%,'Cash flow table'!F6:F10)+'Cash flow table'!F5 -> 20585.405 | D5: =IRR('Cash flow table'!F5:F10) -> 0.23862954 | E5: =ROUND('Cash flow table'!C17+(-'Cash flow table'!F17/'Cash flow table'!F9),2) & " years" -> 2.95 years | F5: =IF(C5=MAX($C$3:$C$5), "Accept", "Reject") -> Reject
B7: Project A High efficiency and fastest payback, making it ideal for quick-return investments.
B8: Project B possesses the highest added value out of all projects but it is more risky because it takes the longest for the investment to be recovered
B9: Project C has moderate returns with a short payback, but lower overall value compared to A and B.
